Unnamed: 0,Cyclone_Inlet_Gas_Temp,Cyclone_Material_Temp,Cyclone_Outlet_Gas_draft,Cyclone_cone_draft,Cyclone_Gas_Outlet_Temp,Cyclone_Inlet_Draft
0,867.63,910.42,-189.54,-186.04,852.13,-145.9
1,879.23,918.14,-184.33,-182.1,862.53,-149.76
2,875.67,924.18,-181.26,-166.47,866.06,-145.01
3,875.28,923.15,-179.15,-174.83,865.85,-142.82
4,891.66,934.26,-178.32,-173.72,876.06,-143.39
5,878.54,932.38,-188.37,-177.98,870.31,-146.92
6,905.94,951.32,-184.2,-182.67,889.39,-151.83
7,877.83,939.63,-184.2,-181.17,875.75,-149.7
8,871.01,938.73,-184.2,-181.17,871.35,-145.62
9,905.46,939.06,-182.63,-178.23,871.35,-148.88
10,875.11,942.88,-176.8,-168.39,878.61,-144.2
11,901.2,943.19,-181.26,-172.76,880.51,-141.84
12,874.51,927.81,-182.62,-179.49,867.31,-149.57
13,882.43,938.17,-178.25,-167.2,874.02,-143.44
14,870.1,925.33,-182.74,-176.9,864.27,-146.68
15,898.47,944.3,-180.99,-165.5,881.09,-140.55
16,860.7,921.5,-175.01,-164.8,860.77,-139.33
17,890.84,931.01,-182.94,-180.89,874.42,-150.16
18,862.19,922.43,-179.05,-169.42,864.56,-143.93
19,871.39,919.13,-179.11,-174.53,864.57,-146.12
20,891.74,932.76,-178.89,-174.84,876.66,-144.11
21,868.0,922.29,-180.98,-175.4,868.35,-143.98
22,867.43,920.34,-175.39,-167.09,866.06,-142.84
23,869.09,916.98,-175.87,-165.95,864.79,-140.33
24,880.62,931.83,-172.5,-155.09,875.71,-136.12
25,889.37,940.07,-173.63,-170.86,882.55,-138.78
26,870.75,938.4,-176.35,-165.67,877.18,-147.11
27,871.49,930.46,-178.12,-160.85,874.03,-141.21
28,873.51,935.66,-179.29,-168.52,876.21,-145.1
29,876.25,931.09,-175.81,-161.1,872.47,-145.41
30,878.9,935.18,-181.98,-169.62,874.65,-149.51
31,869.73,932.03,-179.57,-171.8,870.57,-147.67
32,888.68,937.4,-178.84,-172.79,879.3,-146.41
33,860.38,923.5,-176.36,-162.63,863.22,-140.21
34,879.96,929.25,-179.85,-171.38,872.47,-146.57
35,882.01,936.59,-180.39,-163.21,876.51,-147.83
36,874.88,940.33,-171.08,-153.21,875.44,-133.23
37,874.95,932.81,-185.12,-172.8,869.42,-154.98
38,881.43,944.06,-178.08,-166.51,877.2,-142.27
39,854.63,918.08,-180.77,-163.19,856.43,-144.9
40,857.08,909.77,-181.78,-168.66,852.48,-149.09
41,877.69,922.39,-185.22,-173.07,865.36,-151.92
42,889.6,937.66,-179.31,-171.22,877.4,-156.16
43,861.07,925.61,-175.87,-156.64,864.66,-136.12
44,887.02,936.7,-177.66,-162.93,877.95,-144.32
45,877.08,935.74,-176.11,-150.99,871.83,-136.73
46,882.14,939.68,-176.34,-163.4,875.26,-141.51
47,909.43,956.26,-171.29,-158.91,892.23,-138.09
48,867.31,946.88,-175.76,-153.91,878.19,-134.76
49,861.37,928.09,-174.69,-162.29,864.44,-143.08
50,883.97,937.86,-174.14,-159.19,874.57,-139.79
51,882.99,940.51,-179.45,-164.65,876.59,-146.6
52,884.93,947.27,-171.56,-155.4,879.0,-139.1
53,862.52,935.96,-178.44,-160.51,866.82,-141.88
54,876.67,933.89,-180.5,-162.02,868.1,-148.02
55,875.51,932.79,-179.03,-160.61,868.98,-148.58
56,885.58,945.77,-178.32,-156.62,879.21,-142.73
57,853.31,920.35,-184.57,-158.54,855.05,-143.8
58,874.72,927.36,-179.76,-158.93,864.88,-143.75
59,882.25,935.55,-180.02,-159.74,871.84,-144.03
60,855.57,926.79,-184.01,-155.02,859.89,-146.28
61,871.24,920.98,-185.94,-156.39,859.76,-152.15
62,892.91,936.22,-177.72,-150.57,873.99,-144.64
63,864.44,922.83,-177.33,-143.65,860.32,-136.6
64,872.14,921.48,-182.68,-148.37,859.96,-150.46
65,881.36,933.02,-184.76,-153.31,868.22,-150.05
66,895.41,944.29,-178.4,-140.15,876.03,-143.63
67,860.4,918.27,-184.08,-140.66,851.57,-145.35
68,862.33,910.76,-184.09,-182.98,845.88,-147.49
69,865.33,903.83,-180.35,-175.24,845.05,-144.11
70,868.44,906.79,-178.2,-171.8,851.93,-140.87
71,871.57,912.83,-180.05,-176.06,856.47,-142.49
72,898.01,928.26,-179.23,-172.18,867.5,-144.5
73,865.24,911.78,-185.95,-175.52,851.58,-144.42
74,899.02,926.11,-180.66,-177.58,866.51,-144.89
75,856.87,914.24,-182.3,-175.65,850.95,-140.76
76,861.12,905.99,-184.86,-176.3,847.92,-148.12
77,869.29,908.06,-187.8,-176.36,853.39,-148.76
78,869.62,910.59,-177.74,-159.81,856.42,-142.87
79,870.71,911.07,-181.72,-176.68,857.51,-153.4
80,881.14,924.83,-181.94,-170.91,866.97,-143.11
81,875.14,925.84,-184.64,-168.5,867.36,-148.96
82,864.09,915.1,-180.89,-162.48,859.9,-141.61
83,864.27,909.46,-178.01,-166.1,855.53,-141.04
84,866.35,909.22,-178.54,-163.85,856.46,-143.41
85,862.74,906.69,-181.28,-164.38,854.79,-146.51
86,869.75,909.38,-177.51,-159.3,858.01,-140.1
87,866.36,907.44,-179.05,-162.14,857.45,-144.59
88,872.04,906.27,-175.17,-161.72,857.56,-143.87
89,861.42,905.74,-178.67,-162.63,855.47,-142.98
90,870.06,905.8,-171.92,-153.42,857.96,-137.15
91,874.96,905.4,-169.67,-152.18,860.25,-141.4
92,888.72,923.94,-172.51,-155.29,868.39,-142.49
93,859.81,914.6,-173.04,-156.14,856.36,-139.11
94,858.38,903.48,-171.2,-161.73,852.18,-137.58
95,863.2,902.56,-172.64,-164.1,854.67,-142.92
96,876.41,911.41,-175.91,-171.55,862.48,-144.66
97,873.89,917.18,-172.26,-160.11,865.02,-138.29
98,870.67,919.84,-177.01,-146.57,862.77,-143.8
99,860.73,909.36,-174.02,-139.3,852.06,-137.11
100,865.62,903.83,-175.43,-164.53,847.59,-141.08
101,879.96,912.72,-175.48,-157.14,855.11,-144.78
102,872.59,922.37,-171.31,-157.52,857.94,-137.11
103,868.31,911.67,-170.84,-152.6,849.94,-136.71
104,873.6,910.16,-171.71,-157.29,851.05,-137.73
105,880.14,916.74,-173.51,-153.24,855.06,-135.98
106,887.8,925.64,-176.05,-148.24,861.43,-139.4
107,863.15,909.77,-181.33,-154.08,847.49,-144.08
108,872.75,907.17,-175.35,-151.11,851.0,-141.02
109,878.67,917.55,-178.75,-147.54,858.19,-142.2
110,883.45,920.53,-175.02,-148.76,863.04,-138.51
111,872.14,919.59,-177.98,-150.95,861.68,-139.86
112,873.36,918.22,-171.27,-144.19,862.18,-135.95
113,875.71,919.76,-176.93,-147.92,862.32,-137.6
114,865.78,912.62,-176.48,-153.92,854.94,-137.93
115,867.23,911.86,-173.54,-151.01,854.49,-141.06
116,867.53,911.19,-172.42,-146.83,854.93,-137.05
117,885.76,925.73,-177.18,-156.82,867.49,-142.26
118,869.53,922.59,-179.66,-153.28,862.37,-147.37
119,868.45,924.73,-177.99,-150.62,862.55,-144.1
120,871.64,918.65,-176.12,-153.37,858.92,-141.52
121,871.0,918.08,-177.27,-158.76,859.16,-140.74
122,867.22,914.12,-175.63,-154.85,856.39,-140.2
123,877.66,919.38,-177.64,-148.76,863.45,-141.26
124,890.72,926.48,-178.96,-156.05,869.59,-143.72
125,886.15,937.4,-177.29,-152.07,877.88,-144.0
126,884.4,929.8,-176.99,-156.46,871.54,-143.11
127,886.09,940.7,-178.4,-157.76,879.82,-142.63
128,879.96,934.35,-176.16,-149.45,874.15,-136.56
129,889.74,943.15,-178.02,-149.18,882.57,-142.5
130,883.39,939.2,-171.01,-145.73,877.78,-135.06
131,873.71,939.11,-174.87,-151.12,872.33,-139.46
132,899.42,944.19,-181.68,-157.16,882.42,-146.26
133,869.98,940.18,-181.15,-150.61,873.91,-148.69
134,869.53,927.73,-176.44,-149.7,863.41,-140.59
135,897.16,944.55,-174.6,-145.83,883.45,-140.67
136,880.37,944.68,-169.88,-140.29,875.64,-135.28
137,878.01,937.94,-176.08,-148.38,871.59,-141.15
138,900.41,947.71,-171.69,-153.0,890.29,-136.39
139,906.96,962.43,-172.44,-149.13,900.39,-139.19
140,874.63,954.65,-176.61,-153.88,874.2,-141.78
141,885.43,946.52,-179.72,-151.83,878.66,-141.03
142,874.13,944.93,-176.02,-147.25,871.94,-140.44
143,894.03,943.19,-180.68,-149.66,882.48,-143.66
144,867.67,940.05,-176.64,-145.8,862.81,-136.29
145,894.24,945.55,-184.02,-153.24,884.47,-148.48
146,868.19,933.5,-176.17,-148.75,861.21,-136.4
147,897.61,948.81,-179.69,-143.65,889.6,-143.91
148,858.37,931.28,-178.36,-142.28,850.49,-142.24
149,886.08,937.99,-178.97,-134.02,880.81,-144.47
150,864.08,927.07,-178.04,-137.51,858.65,-139.23
151,894.75,932.77,-180.98,-142.93,884.58,-141.41
152,879.16,944.24,-176.66,-146.09,881.53,-139.94
153,878.36,941.69,-179.35,-149.87,874.87,-140.93
154,891.76,948.58,-179.28,-156.11,889.31,-139.31
155,881.81,938.14,-183.49,-157.46,874.81,-146.04
156,910.89,950.39,-180.38,-148.56,905.45,-144.88
157,866.95,945.66,-180.71,-146.9,868.46,-139.15
158,878.48,943.59,-179.65,-146.02,878.51,-144.49
159,866.52,930.59,-182.27,-148.31,863.78,-142.6
160,871.86,927.08,-180.88,-140.86,869.33,-142.79
161,874.47,927.78,-178.83,-147.06,871.57,-143.01
162,870.83,924.17,-177.44,-147.31,868.1,-141.12
163,884.45,932.12,-178.61,-141.0,881.93,-142.88
164,864.65,920.98,-181.63,-139.85,857.27,-142.09
165,883.36,932.62,-181.36,-143.04,880.58,-140.24
166,872.56,924.7,-185.37,-149.21,866.17,-147.38
167,882.74,932.15,-181.58,-147.39,880.7,-145.78
168,881.59,934.81,-179.46,-142.64,880.35,-143.59
169,875.11,938.16,-177.51,-138.67,877.25,-143.3
170,886.55,938.26,-181.62,-137.93,881.07,-140.49
171,867.39,938.46,-175.84,-138.62,867.97,-137.76
172,877.44,934.93,-177.46,-135.64,870.59,-140.1
173,879.18,942.88,-181.51,-133.47,877.11,-147.82
174,865.23,928.28,-186.2,-136.63,856.2,-145.8
175,904.57,927.54,-185.48,-122.07,876.81,-141.4
176,873.57,937.5,-183.68,-131.35,869.56,-144.32
177,907.45,944.32,-184.88,-139.07,887.02,-139.35
178,881.08,946.49,-183.69,-145.08,873.07,-145.41
179,891.2,946.41,-182.84,-145.02,872.6,-146.32
180,934.63,954.1,-181.57,-149.52,901.45,-141.91
181,895.57,972.76,-172.27,-119.84,889.79,-132.16
182,889.32,958.2,-178.53,-112.03,873.47,-138.93
183,875.03,965.3,-178.84,-127.68,871.43,-138.76
184,893.97,950.87,-181.43,-124.19,873.86,-138.95
185,894.05,955.54,-177.1,-111.22,884.42,-139.7
186,869.34,947.2,-178.13,-110.37,860.89,-137.76
187,917.35,955.82,-178.19,-120.02,895.36,-139.5
188,876.23,951.9,-180.46,-187.95,867.99,-138.32
189,919.54,956.75,-178.61,-191.82,897.94,-139.57
190,878.81,955.34,-173.23,-176.98,871.94,-135.03
191,874.77,945.05,-181.04,-175.25,864.94,-139.01
192,887.87,952.5,-177.52,-177.36,880.5,-137.38
193,890.39,943.37,-179.36,-178.19,873.99,-135.96
194,865.53,941.17,-185.19,-177.29,858.98,-141.43
195,914.97,944.33,-180.98,-183.44,890.65,-147.8
196,869.73,939.97,-178.79,-177.51,864.6,-141.38
197,893.8,948.42,-177.95,-174.88,884.65,-142.35
198,884.3,941.63,-185.24,-187.58,869.4,-147.53
199,862.54,938.62,-178.62,-169.88,855.13,-138.73
200,899.08,940.17,-178.19,-187.37,879.47,-146.3
201,864.71,931.48,-180.39,-173.19,855.41,-141.84
202,906.59,942.71,-180.97,-171.99,888.23,-141.92
203,868.5,939.23,-176.77,-169.95,863.47,-137.08
204,918.35,948.63,-180.18,-175.09,897.42,-141.63
205,876.24,949.17,-178.64,-172.27,870.6,-143.93
206,912.03,947.01,-182.27,-183.25,886.84,-143.09
207,885.23,952.34,-183.35,-179.12,877.6,-142.86
208,898.98,948.47,-183.71,-179.27,879.8,-144.62
209,883.98,952.95,-177.23,-173.78,875.39,-139.69
210,900.95,948.48,-185.37,-182.24,875.6,-145.77
211,876.25,949.4,-182.26,-181.03,863.3,-143.99
212,900.4,944.92,-182.9,-181.07,872.65,-146.54
213,869.2,943.9,-179.34,-177.88,855.71,-144.41
214,892.5,942.18,-182.55,-186.0,870.62,-147.05
215,878.3,930.06,-184.72,-182.12,853.16,-141.95
216,881.2,936.67,-184.66,-180.03,862.01,-147.89
217,896.94,929.78,-186.79,-188.03,865.25,-145.05
218,894.36,937.76,-179.61,-174.74,872.78,-140.88
219,879.52,935.02,-181.79,-178.49,858.9,-138.83
220,888.74,938.78,-185.29,-179.39,868.22,-149.59
221,883.86,935.78,-192.33,-193.05,858.7,-158.47
222,882.67,935.92,-180.34,-180.2,859.79,-146.42
223,886.63,933.04,-180.79,-186.57,862.04,-150.22
224,877.04,926.65,-183.96,-176.72,851.28,-142.49
225,886.93,935.49,-177.77,-179.07,864.3,-145.66
226,892.01,926.81,-182.42,-185.98,858.87,-145.73
227,882.99,936.52,-180.02,-172.99,859.92,-145.28
228,882.01,925.31,-179.99,-172.11,849.43,-139.59
229,881.15,929.59,-179.3,-177.26,857.03,-145.63
230,892.93,923.04,-186.26,-181.27,860.11,-150.73
231,870.27,924.82,-183.66,-170.61,849.28,-144.05
232,890.17,922.14,-185.66,-177.75,859.5,-151.73
233,869.54,919.77,-183.01,-178.31,845.84,-146.79
234,913.94,929.47,-179.3,-174.2,878.63,-147.27
235,888.47,939.67,-179.75,-169.19,872.39,-144.65
236,879.37,934.85,-188.9,-183.14,859.59,-153.0
237,901.94,947.18,-181.63,-177.04,877.2,-147.58
238,883.5,931.85,-187.53,-185.05,855.45,-148.99
239,892.27,939.76,-181.19,-174.87,866.98,-146.72
240,883.62,932.85,-185.15,-180.56,855.37,-148.44
241,903.4,942.85,-183.51,-181.7,874.57,-133.05
242,902.64,948.69,-179.85,-174.47,874.54,-143.0
243,909.04,953.26,-177.81,-176.49,878.95,-144.49
244,908.41,958.31,-185.9,-178.48,881.88,-149.02
245,900.46,959.09,-180.2,-171.04,877.3,-142.06
246,903.27,959.39,-181.43,-183.24,879.74,-144.46
247,883.04,950.79,-174.67,-170.14,861.33,-141.3
248,883.26,938.37,-184.06,-183.31,854.38,-142.71
249,897.65,945.18,-185.07,-179.19,874.84,-148.97
250,888.79,935.8,-186.25,-177.64,867.05,-145.62
251,911.51,947.49,-181.68,-170.24,892.26,-142.02
252,906.81,954.08,-184.51,-174.14,896.55,-148.98
253,907.96,960.07,-180.39,-178.29,901.55,-149.97
254,907.1,963.27,-184.35,-180.92,903.29,-156.97
255,912.5,965.77,-184.78,-176.15,907.47,-151.33
256,891.05,964.72,-184.35,-180.57,893.13,-151.94
257,880.53,956.46,-182.19,-179.53,883.43,-148.56
258,880.58,950.72,-184.97,-174.83,880.64,-153.42
259,894.34,952.16,-179.77,-177.01,889.74,-151.17
260,883.8,950.43,-186.29,-171.41,878.54,-149.79
261,893.57,953.11,-182.69,-177.89,889.17,-148.45
262,885.29,952.21,-179.0,-171.87,882.52,-145.88
263,880.81,946.6,-188.16,-187.6,873.46,-160.06
264,890.43,947.2,-185.25,-176.82,880.95,-151.83
265,879.5,942.34,-184.7,-176.12,870.3,-148.67
266,883.98,947.67,-179.63,-173.9,877.77,-144.14
267,888.56,948.88,-180.45,-172.34,879.87,-150.46
268,873.3,943.15,-182.71,-174.63,866.35,-143.7
269,886.04,949.54,-182.05,-176.88,877.89,-149.58
270,889.0,940.68,-185.29,-178.4,872.37,-147.67
271,881.84,944.78,-186.15,-172.87,873.9,-155.67
272,894.13,942.61,-186.0,-181.0,878.96,-153.36
273,879.01,945.11,-182.8,-175.2,873.75,-147.16
274,903.74,945.54,-182.23,-175.85,885.6,-146.71
275,889.07,949.34,-178.95,-172.56,880.4,-149.11
276,884.49,950.33,-184.45,-178.72,878.23,-149.48
277,882.85,949.46,-191.1,-182.22,875.19,-154.03
278,880.32,947.31,-190.63,-181.11,874.2,-155.41
279,904.22,954.26,-187.62,-188.51,892.86,-158.52
280,888.53,956.22,-182.6,-178.28,884.61,-149.26
281,887.98,955.33,-183.88,-179.41,880.78,-152.33
282,899.75,954.17,-189.69,-183.93,886.43,-154.39
283,882.55,954.97,-182.25,-176.66,880.68,-143.22
284,895.25,951.14,-184.83,-181.57,882.79,-151.93
285,909.72,958.61,-186.26,-178.51,896.77,-153.22
286,885.24,958.38,-179.88,-163.81,880.15,-142.05
287,911.69,955.59,-184.94,-167.72,890.94,-151.33
288,874.96,948.17,-187.48,-170.64,865.41,-148.6
289,911.36,949.48,-182.22,-167.95,889.78,-150.22
290,871.52,940.92,-186.28,-169.07,861.36,-145.13
291,902.01,945.14,-177.09,-157.0,885.8,-139.47
292,890.17,939.58,-193.65,-174.13,873.49,-162.48
293,923.84,948.62,-187.05,-163.33,895.44,-155.11
294,869.31,939.51,-180.88,-161.9,858.94,-145.93
295,903.74,943.29,-187.79,-167.91,882.02,-153.19
296,882.07,940.42,-183.91,-163.6,866.59,-145.49
297,907.58,946.57,-185.22,-166.22,885.41,-153.79
298,885.98,943.62,-182.09,-160.2,866.19,-147.53
299,899.36,947.33,-190.51,-166.96,878.73,-154.01
300,881.69,944.58,-179.69,-164.56,863.97,-142.56
301,910.69,951.2,-186.72,-164.7,886.11,-147.28
302,872.72,940.8,-183.18,-161.64,853.51,-147.44
303,913.95,942.25,-182.2,-160.93,882.07,-149.41
304,875.88,939.06,-186.02,-163.03,856.04,-147.42
305,903.91,940.19,-183.04,-160.02,876.23,-148.56
306,887.44,935.12,-184.22,-167.74,860.2,-141.18
307,905.15,940.52,-186.01,-161.33,877.59,-149.22
308,885.18,937.36,-189.04,-164.34,861.79,-142.73
309,888.3,938.07,-185.03,-157.06,867.14,-151.92
310,899.08,935.73,-185.24,-154.4,870.3,-146.67
311,881.46,936.42,-183.52,-155.16,860.36,-146.62
312,900.62,937.08,-182.83,-153.5,875.22,-147.4
313,896.47,938.98,-187.33,-156.75,872.53,-141.48
314,886.54,940.75,-191.27,-158.56,864.75,-154.67
315,931.71,941.63,-190.97,-155.61,889.48,-151.39
316,932.56,952.93,-179.56,-131.42,901.0,-140.51
317,904.36,956.5,-185.65,-130.56,884.11,-148.08
318,899.0,953.37,-193.11,-137.52,875.94,-159.78
319,892.25,949.17,-181.79,-136.24,870.5,-144.41
320,889.05,944.11,-191.5,-137.69,865.77,-159.78
321,907.69,942.19,-190.24,-137.71,878.92,-154.52
322,915.01,949.39,-192.43,-142.2,887.14,-159.39
323,895.67,950.12,-184.6,-136.36,874.29,-148.08
324,904.65,945.47,-190.96,-142.72,874.53,-154.37
325,905.11,947.28,-184.94,-140.78,878.55,-147.36
326,888.66,943.82,-183.72,-131.76,864.85,-151.01
327,891.99,942.05,-190.15,-138.56,868.88,-152.86
328,888.94,941.84,-183.1,-128.7,868.48,-141.42
329,897.4,936.68,-189.89,-115.94,869.85,-155.68
330,909.52,944.13,-181.57,-104.0,887.8,-144.67
331,881.28,940.54,-188.78,-106.82,865.54,-154.11
332,917.41,942.41,-184.16,-109.84,892.23,-147.83
333,896.32,941.0,-188.45,-120.45,876.88,-151.27
334,889.29,939.35,-191.1,-104.37,869.41,-150.73
335,903.85,934.44,-188.62,-111.51,875.01,-151.18
336,889.0,938.09,-187.72,-106.95,866.54,-154.45
337,903.58,933.2,-195.17,-107.99,870.74,-157.09
338,891.38,932.67,-192.41,-112.67,865.73,-157.66
339,891.2,931.4,-188.04,-108.49,862.63,-145.62
340,884.83,928.23,-185.68,-108.93,858.57,-150.61
341,909.04,933.25,-189.35,-187.96,877.18,-154.26
342,895.75,934.12,-189.46,-185.14,867.74,-153.11
343,890.58,933.0,-186.82,-196.68,861.3,-149.13
344,876.05,928.91,-188.39,-178.28,849.87,-150.62
345,910.7,929.62,-183.66,-167.22,872.59,-148.33
346,879.68,921.83,-188.25,-178.85,847.6,-150.89
347,899.8,927.66,-184.2,-169.03,868.4,-153.99
348,889.91,923.41,-188.85,-186.05,858.95,-150.97
349,892.62,925.87,-184.95,-176.34,864.85,-147.8
350,887.3,923.09,-182.97,-157.28,855.86,-146.44
351,908.55,933.22,-184.6,-177.61,875.17,-148.74
352,886.74,929.27,-181.2,-173.7,854.59,-150.19
353,885.33,932.25,-181.43,-167.15,856.73,-148.37
354,916.09,931.78,-184.9,-179.66,868.98,-148.79
355,910.74,942.36,-183.73,-183.0,876.06,-144.38
356,889.13,942.02,-187.67,-181.13,862.39,-152.25
357,910.14,940.4,-188.56,-192.1,874.86,-151.64
358,900.61,945.73,-180.44,-144.47,878.07,-142.76
359,903.72,941.52,-190.34,-71.48,876.14,-155.1
360,892.12,946.1,-182.98,-134.98,875.23,-140.26
361,917.98,942.65,-182.95,-102.56,888.51,-148.98
362,875.07,939.24,-182.21,-119.55,864.78,-147.44
363,886.48,933.12,-181.26,-111.94,869.71,-149.23
364,894.54,929.72,-180.05,-105.59,875.01,-147.86
365,874.63,928.49,-181.92,-105.63,866.79,-142.75
366,886.25,928.11,-183.18,-105.63,874.11,-148.22
367,890.52,931.28,-181.98,-105.63,877.74,-148.15
368,895.97,934.44,-180.3,-105.63,879.43,-148.23
369,876.26,933.59,-180.98,-204.44,865.6,-149.82
370,894.48,931.53,-188.01,-208.77,875.21,-154.14
371,873.73,928.88,-182.7,-205.36,860.41,-151.91
372,893.16,927.5,-189.85,-208.78,875.54,-156.17
373,880.11,930.03,-189.39,-203.36,866.88,-150.53
374,905.18,926.26,-191.17,-203.06,877.94,-157.29
375,876.34,922.36,-191.11,-206.61,858.0,-153.81
376,896.51,921.87,-189.81,-206.41,872.84,-151.67
377,896.13,919.36,-191.1,-209.49,867.54,-156.24
378,872.47,918.75,-192.27,-209.9,852.1,-154.14
379,903.59,920.93,-190.53,-207.38,872.87,-155.92
380,868.85,914.65,-186.95,-207.6,846.5,-148.42
381,889.15,918.17,-184.91,-197.63,861.98,-149.58
382,901.3,928.2,-188.01,-207.68,872.02,-155.08
383,881.96,927.45,-191.53,-205.21,857.62,-155.03
384,892.43,934.11,-186.79,-207.01,870.4,-151.9
385,902.32,933.54,-190.94,-205.94,871.49,-157.56
386,878.92,935.78,-188.39,-206.19,859.96,-154.13
387,895.4,941.16,-185.09,-201.76,871.78,-153.89
388,901.59,937.86,-188.35,-205.58,868.17,-152.91
389,884.86,940.81,-182.77,-197.28,863.65,-147.46
390,916.45,940.06,-192.96,-212.63,876.67,-158.68
391,874.8,936.9,-182.86,-198.23,854.67,-147.34
392,910.98,937.86,-187.11,-201.7,876.34,-151.05
393,873.22,934.77,-191.93,-202.92,851.92,-152.07
394,905.51,940.51,-186.35,-197.33,874.64,-149.73
395,882.05,937.92,-187.47,-206.16,860.11,-152.6
396,898.1,941.48,-189.72,-202.91,874.34,-153.9
397,871.73,940.25,-182.13,-193.42,860.27,-146.13
398,916.72,942.64,-187.46,-200.69,888.19,-153.59
399,883.24,945.32,-182.21,-196.1,873.61,-146.31
400,893.77,941.68,-191.82,-200.59,868.85,-149.6
401,878.79,939.07,-186.22,-199.26,864.97,-147.89
402,891.94,940.02,-184.48,-204.71,874.96,-150.89
403,898.74,942.87,-191.25,-214.05,875.73,-156.97
404,869.12,942.68,-180.47,-196.2,857.36,-144.44
405,901.03,942.23,-189.92,-210.82,879.08,-156.32
406,872.91,932.45,-181.43,-194.84,858.95,-143.04
407,904.27,939.93,-181.65,-195.15,885.62,-147.28
408,873.56,934.56,-187.28,-203.04,862.77,-149.96
409,898.19,940.3,-191.5,-205.15,886.01,-157.27
410,895.14,936.81,-181.57,-205.37,877.53,-148.02
411,877.96,939.82,-184.88,-203.32,873.96,-149.75
412,906.95,936.07,-191.76,-210.29,887.14,-152.46
413,902.89,945.08,-180.25,-197.46,899.06,-147.49
414,897.99,943.39,-183.96,-197.03,890.56,-149.43
415,876.01,945.58,-181.59,-192.87,880.15,-147.17
416,909.52,944.76,-193.91,-203.42,896.19,-161.44
417,878.1,946.11,-184.38,-201.26,879.83,-154.01
418,910.96,950.51,-192.21,-210.6,898.17,-164.14
419,871.44,947.68,-178.47,-188.87,872.47,-135.47
420,916.48,954.95,-187.78,-200.37,899.06,-151.4
421,878.28,949.19,-186.42,-200.66,872.25,-152.18
422,910.15,952.54,-187.3,-195.58,892.18,-147.61
423,885.16,949.25,-196.1,-206.4,870.74,-153.2
424,899.78,951.08,-188.65,-197.67,883.22,-146.06
425,886.83,943.44,-193.19,-205.14,872.16,-155.55
426,899.66,951.25,-189.11,-191.65,886.03,-141.92
427,890.51,943.19,-193.54,-205.33,873.27,-148.4
428,902.45,946.79,-194.45,-203.79,886.94,-159.54
429,877.67,936.21,-194.63,-209.34,865.64,-158.15
430,875.77,933.98,-189.24,-200.12,867.28,-150.09
431,889.75,931.11,-198.96,-212.27,872.26,-162.45
432,886.09,934.71,-192.56,-204.27,876.49,-157.86
433,910.84,933.59,-203.26,-218.22,889.15,-167.49
434,876.72,938.66,-185.18,-200.16,869.99,-151.86
435,920.58,940.42,-191.48,-205.28,897.11,-152.94
436,874.44,937.22,-189.52,-199.49,868.82,-147.0
437,909.94,941.59,-181.59,-195.4,894.23,-148.74
438,890.06,937.85,-191.28,-209.34,877.47,-155.88
439,876.98,940.47,-182.27,-190.95,872.97,-140.93
440,908.95,940.87,-194.31,-210.7,891.77,-157.89
441,871.54,934.67,-184.22,-198.3,870.72,-144.08
442,906.92,943.21,-188.23,-203.62,897.5,-154.83
443,880.17,936.87,-195.59,-213.57,874.55,-157.42
444,895.44,940.05,-188.97,-201.44,889.08,-153.58
445,901.58,941.49,-193.04,-203.64,888.93,-159.14
446,876.3,939.44,-189.65,-198.16,875.57,-151.32
447,909.52,939.07,-195.72,-215.16,895.37,-163.74
448,891.55,947.34,-181.89,-195.55,891.24,-146.87
449,909.54,945.41,-190.78,-191.5,897.04,-147.68
450,875.44,946.04,-187.01,-194.98,879.09,-150.79
451,912.14,948.37,-187.23,-200.61,899.99,-151.92
452,880.55,947.32,-188.54,-199.34,879.37,-150.88
453,907.5,948.65,-190.69,-205.12,894.96,-155.68
454,875.01,939.11,-189.06,-191.85,871.75,-145.36
455,899.62,945.71,-186.92,-197.19,891.29,-152.63
456,893.77,943.36,-189.76,-203.48,879.68,-150.2
457,881.36,943.51,-186.42,-189.07,877.82,-147.3
458,900.96,937.23,-192.16,-203.94,885.31,-154.59
459,881.02,942.75,-185.79,-191.33,878.84,-150.54
460,913.01,944.51,-195.11,-203.72,896.01,-160.83
461,875.02,944.15,-184.96,-190.58,877.07,-148.0
462,920.14,945.64,-190.72,-194.97,903.21,-155.15
463,871.89,942.37,-181.93,-182.9,878.12,-143.34
464,915.53,954.14,-188.68,-199.83,904.71,-153.46
465,886.53,948.09,-180.91,-187.18,888.71,-148.37
466,910.37,952.0,-193.52,-201.74,899.66,-158.48
467,887.8,951.75,-182.91,-187.03,888.95,-145.81
468,896.82,947.71,-188.23,-189.56,888.34,-152.77
469,913.98,955.38,-188.83,-192.14,906.32,-152.35
470,890.56,954.65,-188.69,-192.9,892.86,-150.23
471,925.96,956.22,-194.36,-207.17,908.09,-157.2
472,901.83,957.26,-183.9,-187.22,900.62,-143.48
473,897.39,955.69,-192.34,-196.16,893.56,-159.93
474,898.6,953.79,-189.91,-190.65,893.08,-156.36
475,890.3,952.51,-183.47,-188.73,889.31,-147.64
476,897.54,951.74,-192.07,-196.36,892.86,-156.08
477,898.5,954.0,-178.01,-176.91,897.7,-143.44
478,892.95,953.2,-183.91,-192.61,892.04,-146.48
479,890.94,953.93,-185.79,-190.16,889.62,-142.79
480,931.19,962.98,-188.12,-200.94,916.88,-152.32
481,915.72,966.48,-184.11,-190.75,911.9,-145.26
482,911.67,968.69,-187.67,-190.73,903.92,-149.55
483,916.94,971.34,-182.87,-190.66,911.57,-149.0
484,900.54,969.58,-183.79,-184.03,897.49,-143.9
485,885.72,961.28,-182.25,-189.15,881.81,-142.92
486,923.36,967.78,-186.14,-190.16,909.47,-148.25
487,885.31,963.55,-186.26,-186.75,884.6,-151.22
488,920.69,962.23,-188.67,-192.68,902.95,-149.84
489,905.84,962.56,-184.15,-196.04,896.16,-154.43
490,888.57,959.54,-180.76,-202.36,881.14,-154.25
491,897.52,958.69,-180.36,-193.6,885.14,-148.77
492,890.14,956.07,-192.41,-202.3,875.46,-158.61
493,899.86,957.56,-182.68,-182.29,889.74,-141.97
494,898.83,950.42,-188.64,-186.38,878.37,-147.9
495,886.95,948.16,-182.05,-176.41,878.48,-144.62
496,917.52,947.81,-190.35,-185.06,891.11,-155.91
497,908.04,957.67,-180.53,-170.27,895.74,-142.71
498,921.35,961.74,-187.01,-178.48,901.26,-142.54
499,913.75,964.42,-181.81,-177.84,895.75,-141.93
